{
  "iterations": 100,
  "average_ms": 94.56701040267944,
  "median_ms": 90.17705917358398,
  "p95_ms": 101.4871597290039,
  "p99_ms": 648.6465930938721,
  "min_ms": 67.3065185546875,
  "max_ms": 648.6465930938721
}